﻿{"cameraMode":{"drawMode":0,"name":"Shaded","section":"Shading Mode"},"sceneLighting":true,"audioPlay":false,"sceneViewState":{"showFog":true,"showMaterialUpdate":false,"showSkybox":true,"showFlares":true,"showImageEffects":true,"showParticleSystems":true},"in2DMode":false,"pivot":{"x":5.960464477539063e-8,"y":9.476775169372559,"z":-3.351716995239258},"rotation":{"x":-0.09478211402893067,"y":0.7487337589263916,"z":-0.10971611738204956,"w":-0.646820068359375},"size":10.300000190734864,"orthographic":false}